one,two,three,four
Staffing,and,Recruiting,
Computer,Software,,
Internet,,,
Financial,Services,,
Research,,,
Insurance,,,
Banking,,,
Retail,,,
Computer,and,Network,Security
Information,Technology,and,Services
Hospital,&,Health,Care
Human,Resources,,
Pharmaceuticals,,,
Apparel,&,Fashion,
Management,,,
Marketing,and,Advertising,
Gambling,&,Casinos,
Consumer,Goods,,
Fine,Art,,
Alternative,Dispute,Resolution,
Biotechnology,,,
Investment,,,
Telecommunications,,,
Civil,Engineering,,
Government,Administration,,
Computer,&,Network,Security
Publishing,,,
Medical,Devices,,
Sports,,,
Entertainment,,,
Capital,Markets,,
Investment,Banking,,
Capital,&,Private,Equity
Import,and,Export,
Automotive,,,
Information,Services,,
Health,Wellness,and,Fitness
Architecture,&,Planning,
Food,&,Beverages,
Food,Production,,
Media,Production,,
Events,Services,,
Consumer,Electronics,,
Electrical,Electronic,Manufacturing,
Oil,&,Energy,
Renewables,&,Environment,
Utilities,,,
Computer,Games,,
Facilities,Services,,
Real,Estate,,
Construction,,,
Transportation,Trucking,Railroad,
Computer,Networking,,
Nonprofit,Organization,Management,
Civic,&,Social,Organization
Management,Consulting,,
Wine,and,Spirits,
Investment,Management,,
Education,Management,,
Leisure,Travel,&,Tourism
Online,Media,,
Broadcast,Media,,
Consumer,Services,,
