Job desc,Profile,Score,Matching title,Not matching title,Matching languages,Not matching languages,Matching Skills,Not matching Skills,Matching work regime,Not matching work regime,Matching location,Not matching location,Matching industry,Not matching industry,Matching daily rate,Not matching daily rate,Matching tech objectives,Not matching tech objectives
Job desc 1,Profile 6,43,Data Engineer, ,English ,Dutch,python 2 data modeling 3 data warehouse 3 etl 2 sql 2 ,map reduce 2 ,Full-time, , ,Brugge 88.37056774186073,Construction, ,600, ,data modeling ,oracle 
 ,Profile 5,35,Data Engineer, ,English ,Dutch,python 3 data warehouse 2 etl 3 sql 3 ,data modeling 3 map reduce 2 ,Full-time, ,Antwerp 41.783475643454715, , ,Construction,600, ,,oracle data modeling 
 ,Profile 4,31,Data Engineer, ,English Dutch ,,python 3 data warehouse 4 sql 3 ,data modeling 3 etl 2 map reduce 2 ,Full-time, , ,Woking 346.79643111728603, ,Construction,600, ,oracle ,data modeling 
 ,Profile 10,23,Data Engineer, ,English Dutch ,,data warehouse 3 etl 5 ,python 2 data modeling 3 map reduce 2 sql 1 ,Full-time, , ,Brugge 88.37056774186073, ,Construction,600, ,,oracle data modeling 
 ,Profile 7,21,Data Engineer, ,English ,Dutch,data warehouse 1 etl 3 ,python 2 data modeling 3 map reduce 2 sql 1 ,Full-time, , ,Liege 88.82904564655442,Construction, ,600, ,,oracle data modeling 
 ,Profile 9,20,Data Engineer, ,English ,Dutch,python 2 sql 4 ,data modeling 3 data warehouse 2 etl 2 map reduce 2 ,Full-time, , ,Liege 88.82904564655442, ,Construction,600, ,,oracle data modeling 
 ,Profile 2,20,Data Engineer, ,English ,Dutch,python 2 sql 4 ,data modeling 3 data warehouse 2 etl 2 map reduce 2 ,Full-time, , ,Abu Dhabi 5151.625896567703, ,Construction,600, ,,oracle data modeling 
 ,Profile 15,20,Data Engineer, ,English ,Dutch,python 1 sql 3 ,data modeling 3 data warehouse 2 etl 2 map reduce 2 ,Full-time, , ,Canary Wharf 313.307677231423, ,Construction,600, ,,oracle data modeling 
 ,Profile 14,14,Data Engineer, ,English ,Dutch,sql 2 ,python 2 data modeling 3 data warehouse 2 etl 2 map reduce 2 ,Full-time, ,Brussels 0.0, , ,Construction,600, ,,oracle data modeling 
 ,Profile 11,14,Data Engineer, ,English ,Dutch,python 3 ,data modeling 3 data warehouse 2 etl 2 map reduce 2 sql 1 ,Full-time, , ,London 320.72696885041995, ,Construction,600, ,oracle ,data modeling 
 ,Profile 1,14,Data Engineer, ,English ,Dutch,python 2 ,data modeling 3 data warehouse 2 etl 2 map reduce 2 sql 1 ,Full-time, ,Brussels 0.0, , ,Construction,600, ,,oracle data modeling 
 ,Profile 8,13,Data Engineer, ,English ,Dutch,data warehouse 4 ,python 2 data modeling 3 etl 2 map reduce 2 sql 1 ,Full-time, , ,Harlow 312.9002502814258, ,Construction,600, ,,oracle data modeling 
 ,Profile 3,13,Data Engineer, ,English ,Dutch,python 1 ,data modeling 3 data warehouse 2 etl 2 map reduce 2 sql 1 ,Full-time, , ,Liege 88.82904564655442, ,Construction,600, ,,oracle data modeling 
 ,Profile 13,13,Data Engineer, ,English ,Dutch,map reduce 1 ,python 2 data modeling 3 data warehouse 2 etl 2 sql 1 ,Full-time, , ,Canary Wharf 313.307677231423, ,Construction,600, ,,oracle data modeling 
 ,Profile 12,13,Data Engineer, ,English ,Dutch,python 2 ,data modeling 3 data warehouse 2 etl 2 map reduce 2 sql 1 ,Full-time, , ,Namur 55.68722476474406, ,Construction,600, ,,oracle data modeling 
Job desc 2,Profile 5,43,Data Engineer, ,English ,French,gcp 5 data warehouse 2 data pipeline 1 agile 2 bigquery 2 ,kafka 1 talend 2 nosql 3 data integration 1 data transformation 1 cdap 2 google data fusion 1 google data flow 3 google pubsub 2 apache nifi 1 abInitio 2 odi 2 oracle 2 ,Full-time, , ,Antwerp 104.24323626685344, ,Recreation,600, ,python data warehouse ,talend 
 ,Profile 7,30,Data Engineer, ,English ,French,talend 2 data warehouse 1 data transformation 3 ,kafka 1 gcp 2 nosql 3 data integration 1 data pipeline 2 cdap 2 google data fusion 1 google data flow 3 google pubsub 2 apache nifi 1 abInitio 2 odi 2 agile 2 oracle 2 bigquery 1 ,Full-time, ,Liege 0.0, , ,Recreation,600, ,data warehouse talend ,python 
 ,Profile 4,29,Data Engineer, ,English ,French,data warehouse 4 data transformation 4 oracle 2 ,kafka 1 talend 2 gcp 2 nosql 3 data integration 1 data pipeline 2 cdap 2 google data fusion 1 google data flow 3 google pubsub 2 apache nifi 1 abInitio 2 odi 2 agile 2 bigquery 1 ,Full-time, , ,Woking 435.4941061471578, ,Recreation,600, ,python data warehouse ,talend 
 ,Profile 10,28,Data Engineer, ,English ,French,gcp 3 data warehouse 3 nosql 2 ,kafka 1 talend 2 data integration 1 data transformation 1 data pipeline 2 cdap 2 google data fusion 1 google data flow 3 google pubsub 2 apache nifi 1 abInitio 2 odi 2 agile 2 oracle 2 bigquery 1 ,Full-time, , ,Brugge 175.98891633424844, ,Recreation,600, ,data warehouse ,python talend 
 ,Profile 3,25,Data Engineer, ,English French ,,gcp 3 data pipeline 3 ,kafka 1 talend 2 data warehouse 2 nosql 3 data integration 1 data transformation 1 cdap 2 google data fusion 1 google data flow 3 google pubsub 2 apache nifi 1 abInitio 2 odi 2 agile 2 oracle 2 bigquery 1 ,Full-time, ,Liege 0.0, , ,Recreation,600, ,python ,data warehouse talend 
 ,Profile 9,22,Data Engineer, ,English ,French,gcp 2 agile 3 ,kafka 1 talend 2 data warehouse 2 nosql 3 data integration 1 data transformation 1 data pipeline 2 cdap 2 google data fusion 1 google data flow 3 google pubsub 2 apache nifi 1 abInitio 2 odi 2 oracle 2 bigquery 1 ,Full-time, ,Liege 0.0, , ,Recreation,600, ,python ,data warehouse talend 
 ,Profile 6,22,Data Engineer, ,English ,French,kafka 1 data warehouse 3 ,talend 2 gcp 2 nosql 3 data integration 1 data transformation 1 data pipeline 2 cdap 2 google data fusion 1 google data flow 3 google pubsub 2 apache nifi 1 abInitio 2 odi 2 agile 2 oracle 2 bigquery 1 ,Full-time, , ,Brugge 175.98891633424844, ,Recreation,600, ,python data warehouse ,talend 
 ,Profile 8,21,Data Engineer, ,English ,French,data warehouse 4 agile 2 ,kafka 1 talend 2 gcp 2 nosql 3 data integration 1 data transformation 1 data pipeline 2 cdap 2 google data fusion 1 google data flow 3 google pubsub 2 apache nifi 1 abInitio 2 odi 2 oracle 2 bigquery 1 ,Full-time, , ,Harlow 401.2669797560363, ,Recreation,600, ,data warehouse ,python talend 
 ,Profile 13,21,Data Engineer, ,English ,French,data pipeline 2 agile 3 ,kafka 1 talend 2 gcp 2 data warehouse 2 nosql 3 data integration 1 data transformation 1 cdap 2 google data fusion 1 google data flow 3 google pubsub 2 apache nifi 1 abInitio 2 odi 2 oracle 2 bigquery 1 ,Full-time, , ,Canary Wharf 402.12451366818783,Recreation, ,600, ,,python data warehouse talend 
 ,Profile 2,14,Data Engineer, ,English ,French,data transformation 2 ,kafka 1 talend 2 gcp 2 data warehouse 2 nosql 3 data integration 1 data pipeline 2 cdap 2 google data fusion 1 google data flow 3 google pubsub 2 apache nifi 1 abInitio 2 odi 2 agile 2 oracle 2 bigquery 1 ,Full-time, , ,Abu Dhabi 5062.818452197427, ,Recreation,600, ,python ,data warehouse talend 
 ,Profile 12,14,Data Engineer, ,English ,French,agile 3 ,kafka 1 talend 2 gcp 2 data warehouse 2 nosql 3 data integration 1 data transformation 1 data pipeline 2 cdap 2 google data fusion 1 google data flow 3 google pubsub 2 apache nifi 1 abInitio 2 odi 2 oracle 2 bigquery 1 ,Full-time, , ,Namur 53.76481070386019, ,Recreation,600, ,python ,data warehouse talend 
 ,Profile 11,14,Data Engineer, ,English ,French,oracle 1 ,kafka 1 talend 2 gcp 2 data warehouse 2 nosql 3 data integration 1 data transformation 1 data pipeline 2 cdap 2 google data fusion 1 google data flow 3 google pubsub 2 apache nifi 1 abInitio 2 odi 2 agile 2 bigquery 1 ,Full-time, , ,London 409.54836740697107, ,Recreation,600, ,python ,data warehouse talend 
 ,Profile 14,13,Data Engineer, ,English ,French,agile 3 ,kafka 1 talend 2 gcp 2 data warehouse 2 nosql 3 data integration 1 data transformation 1 data pipeline 2 cdap 2 google data fusion 1 google data flow 3 google pubsub 2 apache nifi 1 abInitio 2 odi 2 oracle 2 bigquery 1 ,Full-time, , ,Brussels 88.82904564655436, ,Recreation,600, ,,python data warehouse talend 
 ,Profile 15,10,Data Engineer, ,English French ,,,kafka 1 talend 2 gcp 2 data warehouse 2 nosql 3 data integration 1 data transformation 1 data pipeline 2 cdap 2 google data fusion 1 google data flow 3 google pubsub 2 apache nifi 1 abInitio 2 odi 2 agile 2 oracle 2 bigquery 1 ,Full-time, , ,Canary Wharf 402.12451366818783, ,Recreation,600, ,python ,data warehouse talend 
 ,Profile 1,7,Data Engineer, ,English ,French,,kafka 1 talend 2 gcp 2 data warehouse 2 nosql 3 data integration 1 data transformation 1 data pipeline 2 cdap 2 google data fusion 1 google data flow 3 google pubsub 2 apache nifi 1 abInitio 2 odi 2 agile 2 oracle 2 bigquery 1 ,Full-time, , ,Brussels 88.82904564655436, ,Recreation,600, ,python ,data warehouse talend 
Job desc 3,Profile 13,71,Data Engineer, ,English ,,data pipeline 2 aws 3 glue 1 athena 3 devops 2 ci/cd 2 fargate 2 agile 3 scrum 2 ,cloud 1 python; sql 1 docker 2 kubernetes 2 kanban 2 ,Full-time, , ,Canary Wharf 335.2851245440101, ,Government,600, ,data pipeline aws ,sql 
 ,Profile 5,37,Data Engineer, ,English ,,cloud 3 data pipeline 1 aws 4 agile 2 ,python; sql 1 glue 1 athena 3 devops 2 ci/cd 1 docker 2 kubernetes 2 fargate 2 scrum 1 kanban 2 ,Full-time, , ,Antwerp 90.01821219030897, ,Government,600, ,sql data pipeline aws ,
 ,Profile 3,35,Data Engineer, ,English ,,cloud 2 data pipeline 3 devops 2 ci/cd 4 ,python; sql 1 aws 2 glue 1 athena 3 docker 2 kubernetes 2 fargate 2 agile 2 scrum 1 kanban 2 ,Full-time, , ,Liege 83.9607851323935, ,Government,600, ,data pipeline ,sql aws 
 ,Profile 14,30,Data Engineer, ,English ,,aws 2 agile 3 scrum 2 ,cloud 1 python; sql 1 data pipeline 2 glue 1 athena 3 devops 2 ci/cd 1 docker 2 kubernetes 2 fargate 2 kanban 2 ,Full-time, ,Brussels 48.750071265892146, , ,Government,600, ,sql aws ,data pipeline 
 ,Profile 1,29,Data Engineer, ,English ,,aws 3 devops 4 ci/cd 1 ,cloud 1 python; sql 1 data pipeline 2 glue 1 athena 3 docker 2 kubernetes 2 fargate 2 agile 2 scrum 1 kanban 2 ,Full-time, ,Brussels 48.750071265892146, , ,Government,600, ,aws ,sql data pipeline 
 ,Profile 11,27,Data Engineer, ,English ,,cloud 3 glue 2 kubernetes 3 ,python; sql 1 data pipeline 2 aws 2 athena 3 devops 2 ci/cd 1 docker 2 fargate 2 agile 2 scrum 1 kanban 2 ,Full-time, , ,London 342.4724439590266, ,Government,600, ,,sql data pipeline aws 
 ,Profile 6,23,Data Engineer, ,English ,,aws 2 glue 5 ,cloud 1 python; sql 1 data pipeline 2 athena 3 devops 2 ci/cd 1 docker 2 kubernetes 2 fargate 2 agile 2 scrum 1 kanban 2 ,Full-time, , ,Brugge 123.10107321531257,Government, ,600, ,sql aws ,data pipeline 
 ,Profile 10,20,Data Engineer, ,English ,,docker 2 kubernetes 4 ,cloud 1 python; sql 1 data pipeline 2 aws 2 glue 1 athena 3 devops 2 ci/cd 1 fargate 2 agile 2 scrum 1 kanban 2 ,Full-time, , ,Brugge 123.10107321531257, ,Government,600, ,,sql data pipeline aws 
 ,Profile 2,15,Data Engineer, ,English ,,aws 2 ,cloud 1 python; sql 1 data pipeline 2 glue 1 athena 3 devops 2 ci/cd 1 docker 2 kubernetes 2 fargate 2 agile 2 scrum 1 kanban 2 ,Full-time, , ,Abu Dhabi 5132.678831782805, ,Government,600, ,sql aws ,data pipeline 
 ,Profile 9,14,Data Engineer, ,English ,,agile 3 ,cloud 1 python; sql 1 data pipeline 2 aws 2 glue 1 athena 3 devops 2 ci/cd 1 docker 2 kubernetes 2 fargate 2 scrum 1 kanban 2 ,Full-time, , ,Liege 83.9607851323935, ,Government,600, ,sql ,data pipeline aws 
 ,Profile 7,14,Data Engineer, ,English ,,aws 3 ,cloud 1 python; sql 1 data pipeline 2 glue 1 athena 3 devops 2 ci/cd 1 docker 2 kubernetes 2 fargate 2 agile 2 scrum 1 kanban 2 ,Full-time, , ,Liege 83.9607851323935, ,Government,600, ,aws ,sql data pipeline 
 ,Profile 4,14,Data Engineer, ,English ,,kubernetes 5 ,cloud 1 python; sql 1 data pipeline 2 aws 2 glue 1 athena 3 devops 2 ci/cd 1 docker 2 fargate 2 agile 2 scrum 1 kanban 2 ,Full-time, , ,Woking 365.0596178649566, ,Government,600, ,sql ,data pipeline aws 
 ,Profile 12,14,Data Engineer, ,English ,,agile 3 ,cloud 1 python; sql 1 data pipeline 2 aws 2 glue 1 athena 3 devops 2 ci/cd 1 docker 2 kubernetes 2 fargate 2 scrum 1 kanban 2 ,Full-time, ,Namur 30.533180982204023, , ,Government,600, ,,sql data pipeline aws 
 ,Profile 8,13,Data Engineer, ,English ,,agile 2 ,cloud 1 python; sql 1 data pipeline 2 aws 2 glue 1 athena 3 devops 2 ci/cd 1 docker 2 kubernetes 2 fargate 2 scrum 1 kanban 2 ,Full-time, , ,Harlow 338.832792657778, ,Government,600, ,,sql data pipeline aws 
 ,Profile 15,7,Data Engineer, ,English ,,,cloud 1 python; sql 1 data pipeline 2 aws 2 glue 1 athena 3 devops 2 ci/cd 1 docker 2 kubernetes 2 fargate 2 agile 2 scrum 1 kanban 2 ,Full-time, , ,Canary Wharf 335.2851245440101, ,Government,600, ,sql ,data pipeline aws 
Job desc 4,Profile 5,62,Data Engineer, ,English ,,data warehouse 2 cloud 3 etl 3 aws 4 sql 3 python 3 data pipeline 1 analytics 4 ,big data 1 ruby 1 hadoop 2 scala 2 presto 2 redshift 2 data modeling; agile 1 ,Full-time, , ,Antwerp 81.70938109304619, ,Food & Beverage,600, ,,hadoop scala 
 ,Profile 6,49,Data Engineer, ,English ,,data warehouse 3 etl 2 aws 2 sql 2 python 2 redshift 3 ,big data 1 cloud 2 ruby 1 hadoop 2 scala 2 presto 2 data pipeline 2 analytics 1 data modeling; agile 1 ,Full-time, ,Brugge 0.0, , ,Food & Beverage,600, ,,hadoop scala 
 ,Profile 7,41,Data Engineer, ,English ,,big data 4 data warehouse 1 etl 3 aws 3 redshift 2 ,cloud 2 sql 3 python 2 ruby 1 hadoop 2 scala 2 presto 2 data pipeline 2 analytics 1 data modeling; agile 1 ,Full-time, , ,Liege 175.98891633424842, ,Food & Beverage,600, ,,hadoop scala 
 ,Profile 10,36,Data Engineer, ,English ,,big data 3 data warehouse 3 etl 5 scala 1 ,cloud 2 aws 1 sql 3 python 2 ruby 1 hadoop 2 presto 2 data pipeline 2 analytics 1 redshift 2 data modeling; agile 1 ,Full-time, ,Brugge 0.0, , ,Food & Beverage,600, ,scala ,hadoop 
 ,Profile 3,35,Data Engineer, ,English ,,cloud 2 python 1 hadoop 5 data pipeline 3 ,big data 1 data warehouse 1 etl 2 aws 1 sql 3 ruby 1 scala 2 presto 2 analytics 1 redshift 2 data modeling; agile 1 ,Full-time, , ,Liege 175.98891633424842, ,Food & Beverage,600, ,hadoop ,scala 
 ,Profile 2,35,Data Engineer, ,English ,,aws 2 sql 4 python 2 hadoop 2 ,big data 1 data warehouse 1 cloud 2 etl 2 ruby 1 scala 2 presto 2 data pipeline 2 analytics 1 redshift 2 data modeling; agile 1 ,Full-time, , ,Abu Dhabi 5238.043231465724, ,Food & Beverage,600, ,hadoop ,scala 
 ,Profile 4,34,Data Engineer, ,English ,,data warehouse 4 sql 3 python 3 analytics 2 ,big data 1 cloud 2 etl 2 aws 1 ruby 1 hadoop 2 scala 2 presto 2 data pipeline 2 redshift 2 data modeling; agile 1 ,Full-time, , ,Woking 263.49329316441134, ,Food & Beverage,600, ,,hadoop scala 
 ,Profile 9,28,Data Engineer, ,English ,,sql 4 python 2 scala 3 ,big data 1 data warehouse 1 cloud 2 etl 2 aws 1 ruby 1 hadoop 2 presto 2 data pipeline 2 analytics 1 redshift 2 data modeling; agile 1 ,Full-time, , ,Liege 175.98891633424842, ,Food & Beverage,600, ,scala ,hadoop 
 ,Profile 12,28,Data Engineer, ,English ,,python 2 scala 3 analytics 3 ,big data 1 data warehouse 1 cloud 2 etl 2 aws 1 sql 3 ruby 1 hadoop 2 presto 2 data pipeline 2 redshift 2 data modeling; agile 1 ,Full-time, , ,Namur 141.63195782030772, ,Food & Beverage,600, ,scala ,hadoop 
 ,Profile 1,27,Data Engineer, ,English ,,aws 3 python 2 analytics 3 ,big data 1 data warehouse 1 cloud 2 etl 2 sql 3 ruby 1 hadoop 2 scala 2 presto 2 data pipeline 2 redshift 2 data modeling; agile 1 ,Full-time, , ,Brussels 88.37056774186073, ,Food & Beverage,600, ,,hadoop scala 
 ,Profile 8,22,Data Engineer, ,English ,,data warehouse 4 hadoop 3 ,big data 1 cloud 2 etl 2 aws 1 sql 3 python 2 ruby 1 scala 2 presto 2 data pipeline 2 analytics 1 redshift 2 data modeling; agile 1 ,Full-time, , ,Harlow 225.38855910016568,Food & Beverage, ,600, ,hadoop ,scala 
 ,Profile 15,20,Data Engineer, ,English ,,sql 3 python 1 ,big data 1 data warehouse 1 cloud 2 etl 2 aws 1 ruby 1 hadoop 2 scala 2 presto 2 data pipeline 2 analytics 1 redshift 2 data modeling; agile 1 ,Full-time, , ,Canary Wharf 227.75636570355053, ,Food & Beverage,600, ,,hadoop scala 
 ,Profile 14,20,Data Engineer, ,English ,,aws 2 sql 2 ,big data 1 data warehouse 1 cloud 2 etl 2 python 2 ruby 1 hadoop 2 scala 2 presto 2 data pipeline 2 analytics 1 redshift 2 data modeling; agile 1 ,Full-time, , ,Brussels 88.37056774186073, ,Food & Beverage,600, ,,hadoop scala 
 ,Profile 13,20,Data Engineer, ,English ,,aws 3 data pipeline 2 ,big data 1 data warehouse 1 cloud 2 etl 2 sql 3 python 2 ruby 1 hadoop 2 scala 2 presto 2 analytics 1 redshift 2 data modeling; agile 1 ,Full-time, , ,Canary Wharf 227.75636570355053, ,Food & Beverage,600, ,,hadoop scala 
 ,Profile 11,20,Data Engineer, ,English ,,cloud 3 python 3 ,big data 1 data warehouse 1 etl 2 aws 1 sql 3 ruby 1 hadoop 2 scala 2 presto 2 data pipeline 2 analytics 1 redshift 2 data modeling; agile 1 ,Full-time, , ,London 235.25361430274532, ,Food & Beverage,600, ,,hadoop scala 
Job desc 5,Profile 4,22,Data Engineer, ,English ,Italian,sql 3 data transformation 4 ,data reconciliation 2 data migration 2 data integration 3 ssis 1 c# 1 rest api 1 ,Full-time, ,Woking 21.346169641818364, , ,Technology,600, ,data transformation ,c# rest api 
 ,Profile 2,22,Data Engineer, ,English ,Italian,sql 4 data transformation 2 ,data reconciliation 2 data migration 2 data integration 3 ssis 1 c# 1 rest api 1 ,Full-time, , ,Abu Dhabi 5487.3099113661765,Technology, ,600, ,data transformation ,c# rest api 
 ,Profile 12,21,Data Engineer, ,English ,Italian,data migration 2 c# 1 ,sql 1 data reconciliation 2 data integration 3 ssis 1 rest api 1 data transformation 2 ,Full-time, , ,Namur 382.5496004167643, ,Technology,600, ,c# ,rest api data transformation 
 ,Profile 7,17,Data Engineer, ,English Italian ,,data transformation 3 ,sql 1 data reconciliation 2 data migration 2 data integration 3 ssis 1 c# 1 rest api 1 ,Full-time, , ,Liege 424.6474170999025, ,Technology,600, ,data transformation ,c# rest api 
 ,Profile 14,16,Data Engineer, ,English Italian ,,sql 2 ,data reconciliation 2 data migration 2 data integration 3 ssis 1 c# 1 rest api 1 data transformation 2 ,Full-time, , ,Brussels 335.82022935047706, ,Technology,600, ,,c# rest api data transformation 
 ,Profile 11,15,Data Engineer, ,English ,Italian,rest api 3 ,sql 1 data reconciliation 2 data migration 2 data integration 3 ssis 1 c# 1 data transformation 2 ,Full-time, ,London 16.743771494664035, , ,Technology,600, ,rest api ,c# data transformation 
 ,Profile 1,15,Data Engineer, ,English ,Italian,c# 5 ,sql 1 data reconciliation 2 data migration 2 data integration 3 ssis 1 rest api 1 data transformation 2 ,Full-time, , ,Brussels 335.82022935047706,Technology, ,600, ,c# ,rest api data transformation 
 ,Profile 15,14,Data Engineer, ,English ,Italian,sql 3 ,data reconciliation 2 data migration 2 data integration 3 ssis 1 c# 1 rest api 1 data transformation 2 ,Full-time, ,Canary Wharf 24.045152767843227, , ,Technology,600, ,,c# rest api data transformation 
 ,Profile 9,13,Data Engineer, ,English ,Italian,sql 4 ,data reconciliation 2 data migration 2 data integration 3 ssis 1 c# 1 rest api 1 data transformation 2 ,Full-time, , ,Liege 424.6474170999025, ,Technology,600, ,,c# rest api data transformation 
 ,Profile 6,13,Data Engineer, ,English ,Italian,sql 2 ,data reconciliation 2 data migration 2 data integration 3 ssis 1 c# 1 rest api 1 data transformation 2 ,Full-time, , ,Brugge 250.8963119572553, ,Technology,600, ,,c# rest api data transformation 
 ,Profile 5,13,Data Engineer, ,English ,Italian,sql 3 ,data reconciliation 2 data migration 2 data integration 3 ssis 1 c# 1 rest api 1 data transformation 2 ,Full-time, , ,Antwerp 331.7675298805112, ,Technology,600, ,,c# rest api data transformation 
 ,Profile 8,7,Data Engineer, ,English ,Italian,,sql 1 data reconciliation 2 data migration 2 data integration 3 ssis 1 c# 1 rest api 1 data transformation 2 ,Full-time, ,Harlow 45.923238770800445, , ,Technology,600, ,,c# rest api data transformation 
 ,Profile 13,7,Data Engineer, ,English ,Italian,,sql 1 data reconciliation 2 data migration 2 data integration 3 ssis 1 c# 1 rest api 1 data transformation 2 ,Full-time, ,Canary Wharf 24.045152767843227, , ,Technology,600, ,,c# rest api data transformation 
 ,Profile 3,6,Data Engineer, ,English ,Italian,,sql 1 data reconciliation 2 data migration 2 data integration 3 ssis 1 c# 1 rest api 1 data transformation 2 ,Full-time, , ,Liege 424.6474170999025, ,Technology,600, ,,c# rest api data transformation 
 ,Profile 10,6,Data Engineer, ,English ,Italian,,sql 1 data reconciliation 2 data migration 2 data integration 3 ssis 1 c# 1 rest api 1 data transformation 2 ,Full-time, , ,Brugge 250.8963119572553, ,Technology,600, ,,c# rest api data transformation 
Job desc 6,Profile 6,49,Data Engineer, ,English ,,data processing 4 python 2 java 3 aws 2 glue 5 redshift 3 ,clojure 1 scala 1 kafka 3 storm 2 pyspark 2 parquet 2 data lake 2 athena 2 tableau 1 ,Full-time, , ,Brugge 81.70938109304619, ,Computer Games,600, ,glue ,data lake 
 ,Profile 13,35,Data Engineer, ,English ,,aws 3 glue 1 athena 3 tableau 1 ,data processing 1 clojure 1 python 2 java 2 scala 1 kafka 3 storm 2 pyspark 2 parquet 2 data lake 2 redshift 1 ,Full-time, , ,Canary Wharf 308.354761711688, ,Computer Games,600, ,glue ,data lake 
 ,Profile 1,30,Data Engineer, ,English ,,python 2 aws 3 data lake 2 ,data processing 1 clojure 1 java 2 scala 1 kafka 3 storm 2 pyspark 2 parquet 2 glue 2 redshift 1 athena 2 tableau 1 ,Full-time, ,Brussels 41.7834756434552, ,Computer Games, ,600, ,data lake ,glue 
 ,Profile 11,29,Data Engineer, ,English ,,python 3 glue 2 data lake 2 ,data processing 1 clojure 1 java 2 scala 1 kafka 3 storm 2 aws 1 pyspark 2 parquet 2 redshift 1 athena 2 tableau 1 ,Full-time, , ,London 315.8745012994377, ,Computer Games,600, ,glue data lake ,
 ,Profile 7,27,Data Engineer, ,English ,,java 2 aws 3 redshift 2 ,data processing 1 clojure 1 python 2 scala 1 kafka 3 storm 2 pyspark 2 parquet 2 glue 2 data lake 2 athena 2 tableau 1 ,Full-time, , ,Liege 104.24323626685343, ,Computer Games,600, ,,glue data lake 
 ,Profile 10,27,Data Engineer, ,English ,,data processing 4 java 1 scala 1 ,clojure 1 python 2 kafka 3 storm 2 aws 1 pyspark 2 parquet 2 glue 2 data lake 2 redshift 1 athena 2 tableau 1 ,Full-time, , ,Brugge 81.70938109304619, ,Computer Games,600, ,,glue data lake 
 ,Profile 5,21,Data Engineer, ,English ,,python 3 aws 4 ,data processing 1 clojure 1 java 2 scala 1 kafka 3 storm 2 pyspark 2 parquet 2 glue 2 data lake 2 redshift 1 athena 2 tableau 1 ,Full-time, ,Antwerp 0.0, , ,Computer Games,600, ,,glue data lake 
 ,Profile 9,20,Data Engineer, ,English ,,python 2 scala 3 ,data processing 1 clojure 1 java 2 kafka 3 storm 2 aws 1 pyspark 2 parquet 2 glue 2 data lake 2 redshift 1 athena 2 tableau 1 ,Full-time, , ,Liege 104.24323626685343, ,Computer Games,600, ,,glue data lake 
 ,Profile 4,20,Data Engineer, ,English ,,python 3 tableau 2 ,data processing 1 clojure 1 java 2 scala 1 kafka 3 storm 2 aws 1 pyspark 2 parquet 2 glue 2 data lake 2 redshift 1 athena 2 ,Full-time, , ,Woking 344.9036619467286, ,Computer Games,600, ,,glue data lake 
 ,Profile 2,20,Data Engineer, ,English ,,python 2 aws 2 ,data processing 1 clojure 1 java 2 scala 1 kafka 3 storm 2 pyspark 2 parquet 2 glue 2 data lake 2 redshift 1 athena 2 tableau 1 ,Full-time, , ,Abu Dhabi 5159.577941919038, ,Computer Games,600, ,,glue data lake 
 ,Profile 12,20,Data Engineer, ,English ,,python 2 scala 3 ,data processing 1 clojure 1 java 2 kafka 3 storm 2 aws 1 pyspark 2 parquet 2 glue 2 data lake 2 redshift 1 athena 2 tableau 1 ,Full-time, , ,Namur 90.07126386088898, ,Computer Games,600, ,,glue data lake 
 ,Profile 8,14,Data Engineer, ,English ,,data lake 3 ,data processing 1 clojure 1 python 2 java 2 scala 1 kafka 3 storm 2 aws 1 pyspark 2 parquet 2 glue 2 redshift 1 athena 2 tableau 1 ,Full-time, , ,Harlow 303.9267804833271, ,Computer Games,600, ,data lake ,glue 
 ,Profile 14,14,Data Engineer, ,English ,,aws 2 ,data processing 1 clojure 1 python 2 java 2 scala 1 kafka 3 storm 2 pyspark 2 parquet 2 glue 2 data lake 2 redshift 1 athena 2 tableau 1 ,Full-time, ,Brussels 41.7834756434552, , ,Computer Games,600, ,,glue data lake 
 ,Profile 3,13,Data Engineer, ,English ,,python 1 ,data processing 1 clojure 1 java 2 scala 1 kafka 3 storm 2 aws 1 pyspark 2 parquet 2 glue 2 data lake 2 redshift 1 athena 2 tableau 1 ,Full-time, , ,Liege 104.24323626685343, ,Computer Games,600, ,,glue data lake 
 ,Profile 15,13,Data Engineer, ,English ,,python 1 ,data processing 1 clojure 1 java 2 scala 1 kafka 3 storm 2 aws 1 pyspark 2 parquet 2 glue 2 data lake 2 redshift 1 athena 2 tableau 1 ,Full-time, , ,Canary Wharf 308.354761711688, ,Computer Games,600, ,,glue data lake 
Job desc 7,Profile 9,55,Data Engineer, ,English ,German,data aggregation 2 data architecture 2 gcp 2 sql 4 agile 3 r 1 python 2 ,data mining 4 data modeling 1 data lake 2 cloud 2 aws 3 oracle 1 pl/sql 2 hadoop 2 streamsets 1 glue 3 devops 1 tableau 2 qlik 2 c# 1 ,Full-time, , ,Liege 53.76481070386029, ,Technology,600, ,,data mining data modeling 
 ,Profile 5,55,Data Engineer, ,English ,German,cloud 3 gcp 5 aws 4 sql 3 agile 2 r 2 python 3 ,data aggregation 2 data architecture 2 data mining 4 data modeling 1 data lake 2 oracle 1 pl/sql 2 hadoop 2 streamsets 1 glue 3 devops 1 tableau 2 qlik 2 c# 1 ,Full-time, , ,Antwerp 90.07126386088912, ,Technology,600, ,,data mining data modeling 
 ,Profile 13,55,Data Engineer, ,English ,German,data aggregation 4 aws 3 streamsets 3 agile 3 devops 2 tableau 1 qlik 3 ,data architecture 2 data mining 4 data modeling 1 data lake 2 cloud 2 gcp 2 oracle 1 sql 1 pl/sql 2 hadoop 2 glue 3 r 2 python 2 c# 1 ,Full-time, , ,Canary Wharf 360.8404979230481, ,Technology,600, ,,data mining data modeling 
 ,Profile 11,51,Data Engineer, ,English German ,,data lake 2 cloud 3 oracle 1 pl/sql 2 glue 2 python 3 ,data aggregation 2 data architecture 2 data mining 4 data modeling 1 gcp 2 aws 3 sql 1 hadoop 2 streamsets 1 agile 2 devops 1 tableau 2 qlik 2 r 2 c# 1 ,Full-time, , ,London 368.12519171295673, ,Technology,600, ,,data mining data modeling 
 ,Profile 6,45,Data Engineer, ,English German ,,data modeling 3 aws 2 sql 2 glue 5 python 2 ,data aggregation 2 data architecture 2 data mining 4 data lake 2 cloud 2 gcp 2 oracle 1 pl/sql 2 hadoop 2 streamsets 1 agile 2 devops 1 tableau 2 qlik 2 r 2 c# 1 ,Full-time, , ,Brugge 141.6319578203076, ,Technology,600, ,data modeling ,data mining 
 ,Profile 1,42,Data Engineer, ,English ,German,data lake 2 aws 3 devops 4 python 2 c# 5 ,data aggregation 2 data architecture 2 data mining 4 data modeling 1 cloud 2 gcp 2 oracle 1 sql 1 pl/sql 2 hadoop 2 streamsets 1 glue 3 agile 2 tableau 2 qlik 2 r 2 ,Full-time, , ,Brussels 55.68722476474385,Technology, ,600, ,,data mining data modeling 
 ,Profile 3,41,Data Engineer, ,English ,German,cloud 2 gcp 3 hadoop 5 devops 2 python 1 ,data aggregation 2 data architecture 2 data mining 4 data modeling 1 data lake 2 aws 3 oracle 1 sql 1 pl/sql 2 streamsets 1 glue 3 agile 2 tableau 2 qlik 2 r 2 c# 1 ,Full-time, , ,Liege 53.76481070386029, ,Technology,600, ,,data mining data modeling 
 ,Profile 12,36,Data Engineer, ,English ,German,data mining 4 agile 3 python 2 c# 1 ,data aggregation 2 data architecture 2 data modeling 1 data lake 2 cloud 2 gcp 2 aws 3 oracle 1 sql 1 pl/sql 2 hadoop 2 streamsets 1 glue 3 devops 1 tableau 2 qlik 2 r 2 ,Full-time, ,Namur 0.0, , ,Technology,600, ,data mining ,data modeling 
 ,Profile 8,35,Data Engineer, ,English ,German,data mining 3 data lake 3 hadoop 3 agile 2 ,data aggregation 2 data architecture 2 data modeling 1 cloud 2 gcp 2 aws 3 oracle 1 sql 1 pl/sql 2 streamsets 1 glue 3 devops 1 tableau 2 qlik 2 r 2 python 2 c# 1 ,Full-time, , ,Harlow 362.8497199078091, ,Technology,600, ,data mining ,data modeling 
 ,Profile 2,35,Data Engineer, ,English ,German,aws 2 sql 4 hadoop 2 python 2 ,data aggregation 2 data architecture 2 data mining 4 data modeling 1 data lake 2 cloud 2 gcp 2 oracle 1 pl/sql 2 streamsets 1 glue 3 agile 2 devops 1 tableau 2 qlik 2 r 2 c# 1 ,Full-time, , ,Abu Dhabi 5105.410622527917,Technology, ,600, ,,data mining data modeling 
 ,Profile 4,34,Data Engineer, ,English ,German,oracle 2 sql 3 tableau 2 python 3 ,data aggregation 2 data architecture 2 data mining 4 data modeling 1 data lake 2 cloud 2 gcp 2 aws 3 pl/sql 2 hadoop 2 streamsets 1 glue 3 agile 2 devops 1 qlik 2 r 2 c# 1 ,Full-time, , ,Woking 391.8994260386289, ,Technology,600, ,,data mining data modeling 
 ,Profile 15,28,Data Engineer, ,English ,German,data mining 4 sql 3 python 1 ,data aggregation 2 data architecture 2 data modeling 1 data lake 2 cloud 2 gcp 2 aws 3 oracle 1 pl/sql 2 hadoop 2 streamsets 1 glue 3 agile 2 devops 1 tableau 2 qlik 2 r 2 c# 1 ,Full-time, , ,Canary Wharf 360.8404979230481, ,Technology,600, ,data mining ,data modeling 
 ,Profile 14,27,Data Engineer, ,English ,German,aws 2 sql 2 agile 3 ,data aggregation 2 data architecture 2 data mining 4 data modeling 1 data lake 2 cloud 2 gcp 2 oracle 1 pl/sql 2 hadoop 2 streamsets 1 glue 3 devops 1 tableau 2 qlik 2 r 2 python 2 c# 1 ,Full-time, , ,Brussels 55.68722476474385, ,Technology,600, ,,data mining data modeling 
 ,Profile 7,13,Data Engineer, ,English ,German,aws 3 ,data aggregation 2 data architecture 2 data mining 4 data modeling 1 data lake 2 cloud 2 gcp 2 oracle 1 sql 1 pl/sql 2 hadoop 2 streamsets 1 glue 3 agile 2 devops 1 tableau 2 qlik 2 r 2 python 2 c# 1 ,Full-time, , ,Liege 53.76481070386029, ,Technology,600, ,,data mining data modeling 
 ,Profile 10,13,Data Engineer, ,English ,German,gcp 3 ,data aggregation 2 data architecture 2 data mining 4 data modeling 1 data lake 2 cloud 2 aws 3 oracle 1 sql 1 pl/sql 2 hadoop 2 streamsets 1 glue 3 agile 2 devops 1 tableau 2 qlik 2 r 2 python 2 c# 1 ,Full-time, , ,Brugge 141.6319578203076, ,Technology,600, ,,data mining data modeling 
Job desc 8,Profile 5,56,Data Engineer, ,English ,Russian,python 3 sql 3 aws 4 analytics 4 agile 2 etl 3 data pipeline 1 ,data analytics 3 machine learning 2 data visualization 2 numpy 1 pandas 2 postgresql 2 snowflake 1 data infrastructure 2 data manipulation 2 rest api 1 unix 3 git 2 data integration 2 docker 2 kubernetes 1 ,Full-time, , ,Antwerp 308.35476171168796, ,Agriculture,600, ,analytics ,snowflake data infrastructure 
 ,Profile 13,53,Data Engineer, ,English Russian ,,aws 3 snowflake 3 unix 3 git 2 agile 3 data pipeline 2 ,data analytics 3 machine learning 2 data visualization 2 python 4 numpy 1 pandas 2 sql 2 postgresql 2 analytics 1 data infrastructure 2 data manipulation 2 rest api 1 etl 2 data integration 2 docker 2 kubernetes 1 ,Full-time, ,Canary Wharf 0.0, , ,Agriculture,600, ,snowflake ,analytics data infrastructure 
 ,Profile 4,44,Data Engineer, ,English ,Russian,python 3 sql 3 analytics 2 data infrastructure 3 kubernetes 5 ,data analytics 3 machine learning 2 data visualization 2 numpy 1 pandas 2 postgresql 2 aws 3 snowflake 1 data manipulation 2 rest api 1 unix 3 git 2 agile 1 etl 2 data integration 2 data pipeline 2 docker 2 ,Full-time, ,Woking 42.55907153042133, , ,Agriculture,600, ,analytics data infrastructure ,snowflake 
 ,Profile 6,35,Data Engineer, ,English ,Russian,sql 2 aws 2 snowflake 4 etl 2 ,data analytics 3 machine learning 2 data visualization 2 python 4 numpy 1 pandas 2 postgresql 2 analytics 1 data infrastructure 2 data manipulation 2 rest api 1 unix 3 git 2 agile 1 data integration 2 data pipeline 2 docker 2 kubernetes 1 ,Full-time, , ,Brugge 227.7563657035506, ,Agriculture,600, ,snowflake ,analytics data infrastructure 
 ,Profile 3,35,Data Engineer, ,English ,Russian,data visualization 2 unix 4 git 3 data pipeline 3 ,data analytics 3 machine learning 2 python 4 numpy 1 pandas 2 sql 2 postgresql 2 aws 3 analytics 1 snowflake 1 data infrastructure 2 data manipulation 2 rest api 1 agile 1 etl 2 data integration 2 docker 2 kubernetes 1 ,Full-time, , ,Liege 402.1245136681879,Agriculture, ,600, ,,analytics snowflake data infrastructure 
 ,Profile 10,35,Data Engineer, ,English ,Russian,snowflake 2 etl 5 docker 2 kubernetes 4 ,data analytics 3 machine learning 2 data visualization 2 python 4 numpy 1 pandas 2 sql 2 postgresql 2 aws 3 analytics 1 data infrastructure 2 data manipulation 2 rest api 1 unix 3 git 2 agile 1 data integration 2 data pipeline 2 ,Full-time, , ,Brugge 227.7563657035506, ,Agriculture,600, ,snowflake ,analytics data infrastructure 
 ,Profile 14,34,Data Engineer, ,English ,Russian,data visualization 3 sql 2 aws 2 agile 3 ,data analytics 3 machine learning 2 python 4 numpy 1 pandas 2 postgresql 2 analytics 1 snowflake 1 data infrastructure 2 data manipulation 2 rest api 1 unix 3 git 2 etl 2 data integration 2 data pipeline 2 docker 2 kubernetes 1 ,Full-time, , ,Brussels 313.307677231423, ,Agriculture,600, ,,analytics snowflake data infrastructure 
 ,Profile 11,28,Data Engineer, ,English ,Russian,python 3 rest api 3 kubernetes 3 ,data analytics 3 machine learning 2 data visualization 2 numpy 1 pandas 2 sql 2 postgresql 2 aws 3 analytics 1 snowflake 1 data infrastructure 2 data manipulation 2 unix 3 git 2 agile 1 etl 2 data integration 2 data pipeline 2 docker 2 ,Full-time, ,London 7.524423497346849, , ,Agriculture,600, ,,analytics snowflake data infrastructure 
 ,Profile 1,28,Data Engineer, ,English ,Russian,data analytics 3 aws 3 analytics 3 ,machine learning 2 data visualization 2 python 4 numpy 1 pandas 2 sql 2 postgresql 2 snowflake 1 data infrastructure 2 data manipulation 2 rest api 1 unix 3 git 2 agile 1 etl 2 data integration 2 data pipeline 2 docker 2 kubernetes 1 ,Full-time, , ,Brussels 313.307677231423, ,Agriculture,600, ,analytics ,snowflake data infrastructure 
 ,Profile 2,27,Data Engineer, ,English ,Russian,data visualization 3 sql 4 aws 2 ,data analytics 3 machine learning 2 python 4 numpy 1 pandas 2 postgresql 2 analytics 1 snowflake 1 data infrastructure 2 data manipulation 2 rest api 1 unix 3 git 2 agile 1 etl 2 data integration 2 data pipeline 2 docker 2 kubernetes 1 ,Full-time, , ,Abu Dhabi 5464.932112188739, ,Agriculture,600, ,,analytics snowflake data infrastructure 
 ,Profile 9,23,Data Engineer, ,English Russian ,,sql 4 agile 3 ,data analytics 3 machine learning 2 data visualization 2 python 4 numpy 1 pandas 2 postgresql 2 aws 3 analytics 1 snowflake 1 data infrastructure 2 data manipulation 2 rest api 1 unix 3 git 2 etl 2 data integration 2 data pipeline 2 docker 2 kubernetes 1 ,Full-time, , ,Liege 402.1245136681879, ,Agriculture,600, ,,analytics snowflake data infrastructure 
 ,Profile 8,21,Data Engineer, ,English ,Russian,unix 2 agile 2 ,data analytics 3 machine learning 2 data visualization 2 python 4 numpy 1 pandas 2 sql 2 postgresql 2 aws 3 analytics 1 snowflake 1 data infrastructure 2 data manipulation 2 rest api 1 git 2 etl 2 data integration 2 data pipeline 2 docker 2 kubernetes 1 ,Full-time, ,Harlow 30.299606806305757, , ,Agriculture,600, ,,analytics snowflake data infrastructure 
 ,Profile 12,21,Data Engineer, ,English ,Russian,analytics 3 agile 3 ,data analytics 3 machine learning 2 data visualization 2 python 4 numpy 1 pandas 2 sql 2 postgresql 2 aws 3 snowflake 1 data infrastructure 2 data manipulation 2 rest api 1 unix 3 git 2 etl 2 data integration 2 data pipeline 2 docker 2 kubernetes 1 ,Full-time, , ,Namur 360.84049792304785, ,Agriculture,600, ,analytics ,snowflake data infrastructure 
 ,Profile 7,20,Data Engineer, ,English ,Russian,aws 3 etl 3 ,data analytics 3 machine learning 2 data visualization 2 python 4 numpy 1 pandas 2 sql 2 postgresql 2 analytics 1 snowflake 1 data infrastructure 2 data manipulation 2 rest api 1 unix 3 git 2 agile 1 data integration 2 data pipeline 2 docker 2 kubernetes 1 ,Full-time, , ,Liege 402.1245136681879, ,Agriculture,600, ,,analytics snowflake data infrastructure 
 ,Profile 15,14,Data Engineer, ,English ,Russian,sql 3 ,data analytics 3 machine learning 2 data visualization 2 python 4 numpy 1 pandas 2 postgresql 2 aws 3 analytics 1 snowflake 1 data infrastructure 2 data manipulation 2 rest api 1 unix 3 git 2 agile 1 etl 2 data integration 2 data pipeline 2 docker 2 kubernetes 1 ,Full-time, ,Canary Wharf 0.0, , ,Agriculture,600, ,,analytics snowflake data infrastructure 
Job desc 9,Profile 5,51,Data Engineer, ,English ,French,data pipeline 1 cloud 3 python 3 jenkins 2 etl 3 gcp 5 ,data infrastructure 3 data modeling 2 java 2 spark 2 gradle 2 grafana 1 prometheus 1 kafka 2 hive 3 impala 2 Spark 1 flink 2 ,Full-time, ,Antwerp 50.61493919413972, ,Non-profit, ,600, ,jenkins ,spark gradle 
 ,Profile 6,50,Data Engineer, ,English ,French,data modeling 3 python 2 java 3 spark 2 etl 2 kafka 1 ,data infrastructure 3 data pipeline 2 cloud 4 gradle 2 jenkins 3 grafana 1 prometheus 1 gcp 1 hive 3 impala 2 Spark 1 flink 2 ,Full-time, ,Brugge 38.79073052276408, , ,Non-profit,600, ,spark ,gradle jenkins 
 ,Profile 3,38,Data Engineer, ,English French ,,data pipeline 3 python 1 jenkins 3 gcp 3 ,data infrastructure 3 data modeling 2 cloud 4 java 2 spark 2 gradle 2 grafana 1 prometheus 1 etl 2 kafka 2 hive 3 impala 2 Spark 1 flink 2 ,Full-time, , ,Liege 137.48851651688085, ,Non-profit,600, ,jenkins ,spark gradle 
 ,Profile 10,36,Data Engineer, ,English ,French,java 1 spark 2 etl 5 gcp 3 ,data infrastructure 3 data pipeline 2 data modeling 2 cloud 4 python 1 gradle 2 jenkins 3 grafana 1 prometheus 1 kafka 2 hive 3 impala 2 Spark 1 flink 2 ,Full-time, ,Brugge 38.79073052276408, , ,Non-profit,600, ,spark ,gradle jenkins 
 ,Profile 12,29,Data Engineer, ,English ,French,python 2 gradle 3 jenkins 2 ,data infrastructure 3 data pipeline 2 data modeling 2 cloud 4 java 2 spark 2 grafana 1 prometheus 1 etl 2 kafka 2 gcp 1 hive 3 impala 2 Spark 1 flink 2 ,Full-time, , ,Namur 103.4762741485917, ,Non-profit,600, ,gradle jenkins ,spark 
 ,Profile 13,21,Data Engineer, ,English ,French,data pipeline 2 spark 3 ,data infrastructure 3 data modeling 2 cloud 4 python 1 java 2 gradle 2 jenkins 3 grafana 1 prometheus 1 etl 2 kafka 2 gcp 1 hive 3 impala 2 Spark 1 flink 2 ,Full-time, , ,Canary Wharf 265.1700935168439, ,Non-profit,600, ,spark ,gradle jenkins 
 ,Profile 9,20,Data Engineer, ,English ,French,python 2 gcp 2 ,data infrastructure 3 data pipeline 2 data modeling 2 cloud 4 java 2 spark 2 gradle 2 jenkins 3 grafana 1 prometheus 1 etl 2 kafka 2 hive 3 impala 2 Spark 1 flink 2 ,Full-time, , ,Liege 137.48851651688085, ,Non-profit,600, ,,spark gradle jenkins 
 ,Profile 7,20,Data Engineer, ,English ,French,java 2 etl 3 ,data infrastructure 3 data pipeline 2 data modeling 2 cloud 4 python 1 spark 2 gradle 2 jenkins 3 grafana 1 prometheus 1 kafka 2 gcp 1 hive 3 impala 2 Spark 1 flink 2 ,Full-time, , ,Liege 137.48851651688085, ,Non-profit,600, ,,spark gradle jenkins 
 ,Profile 4,20,Data Engineer, ,English ,French,data infrastructure 3 python 3 ,data pipeline 2 data modeling 2 cloud 4 java 2 spark 2 gradle 2 jenkins 3 grafana 1 prometheus 1 etl 2 kafka 2 gcp 1 hive 3 impala 2 Spark 1 flink 2 ,Full-time, , ,Woking 299.82052055275534, ,Non-profit,600, ,,spark gradle jenkins 
 ,Profile 11,20,Data Engineer, ,English ,French,cloud 3 python 3 ,data infrastructure 3 data pipeline 2 data modeling 2 java 2 spark 2 gradle 2 jenkins 3 grafana 1 prometheus 1 etl 2 kafka 2 gcp 1 hive 3 impala 2 Spark 1 flink 2 ,Full-time, , ,London 272.63455700746323, ,Non-profit,600, ,,spark gradle jenkins 
 ,Profile 15,16,Data Engineer, ,English French ,,python 1 ,data infrastructure 3 data pipeline 2 data modeling 2 cloud 4 java 2 spark 2 gradle 2 jenkins 3 grafana 1 prometheus 1 etl 2 kafka 2 gcp 1 hive 3 impala 2 Spark 1 flink 2 ,Full-time, , ,Canary Wharf 265.1700935168439, ,Non-profit,600, ,,spark gradle jenkins 
 ,Profile 1,14,Data Engineer, ,English ,French,python 2 ,data infrastructure 3 data pipeline 2 data modeling 2 cloud 4 java 2 spark 2 gradle 2 jenkins 3 grafana 1 prometheus 1 etl 2 kafka 2 gcp 1 hive 3 impala 2 Spark 1 flink 2 ,Full-time, ,Brussels 49.58272246277507, , ,Non-profit,600, ,,spark gradle jenkins 
 ,Profile 2,13,Data Engineer, ,English ,French,python 2 ,data infrastructure 3 data pipeline 2 data modeling 2 cloud 4 java 2 spark 2 gradle 2 jenkins 3 grafana 1 prometheus 1 etl 2 kafka 2 gcp 1 hive 3 impala 2 Spark 1 flink 2 ,Full-time, , ,Abu Dhabi 5200.031230279785, ,Non-profit,600, ,,spark gradle jenkins 
 ,Profile 14,7,Data Engineer, ,English ,French,,data infrastructure 3 data pipeline 2 data modeling 2 cloud 4 python 1 java 2 spark 2 gradle 2 jenkins 3 grafana 1 prometheus 1 etl 2 kafka 2 gcp 1 hive 3 impala 2 Spark 1 flink 2 ,Full-time, ,Brussels 49.58272246277507, , ,Non-profit,600, ,,spark gradle jenkins 
 ,Profile 8,6,Data Engineer, ,English ,French,,data infrastructure 3 data pipeline 2 data modeling 2 cloud 4 python 1 java 2 spark 2 gradle 2 jenkins 3 grafana 1 prometheus 1 etl 2 kafka 2 gcp 1 hive 3 impala 2 Spark 1 flink 2 ,Full-time, , ,Harlow 263.78004856303403, ,Non-profit,600, ,,spark gradle jenkins 
Job desc 10,Profile 6,50,Data Engineer, ,English ,,aws 2 data warehouse 3 redshift 3 python 2 etl 2 data modeling 3 ,data lake 4 parquet 2 snowplow 1 kubernetes 1 data infrastructure 2 devops 2 agile 1 pandas 2 docker 1 gcp 2 ,Full-time, , ,Brugge 141.6319578203076, ,Engineering,600, ,redshift aws ,docker 
 ,Profile 5,50,Data Engineer, ,English ,,aws 4 data warehouse 2 python 3 etl 3 agile 2 gcp 5 ,data lake 4 redshift 2 parquet 2 snowplow 1 kubernetes 1 data infrastructure 2 devops 2 data modeling 3 pandas 2 docker 1 ,Full-time, , ,Antwerp 90.07126386088912,Engineering, ,600, ,aws ,docker redshift 
 ,Profile 10,42,Data Engineer, ,English ,,data warehouse 3 etl 5 kubernetes 4 docker 2 gcp 3 ,aws 2 data lake 4 redshift 2 parquet 2 python 2 snowplow 1 data infrastructure 2 devops 2 agile 1 data modeling 3 pandas 2 ,Full-time, , ,Brugge 141.6319578203076, ,Engineering,600, ,docker ,redshift aws 
 ,Profile 7,37,Data Engineer, ,English ,,aws 3 data warehouse 1 redshift 2 etl 3 ,data lake 4 parquet 2 python 2 snowplow 1 kubernetes 1 data infrastructure 2 devops 2 agile 1 data modeling 3 pandas 2 docker 1 gcp 2 ,Full-time, , ,Liege 53.76481070386029,Engineering, ,600, ,redshift aws ,docker 
 ,Profile 4,34,Data Engineer, ,English ,,data warehouse 4 python 3 kubernetes 5 data infrastructure 3 ,aws 2 data lake 4 redshift 2 parquet 2 etl 3 snowplow 1 devops 2 agile 1 data modeling 3 pandas 2 docker 1 gcp 2 ,Full-time, , ,Woking 391.8994260386289, ,Engineering,600, ,,docker redshift aws 
 ,Profile 13,28,Data Engineer, ,English ,,aws 3 devops 2 agile 3 ,data lake 4 data warehouse 1 redshift 2 parquet 2 python 2 etl 3 snowplow 1 kubernetes 1 data infrastructure 2 data modeling 3 pandas 2 docker 1 gcp 2 ,Full-time, , ,Canary Wharf 360.8404979230481, ,Engineering,600, ,aws ,docker redshift 
 ,Profile 1,28,Data Engineer, ,English ,,aws 3 python 2 devops 4 ,data lake 4 data warehouse 1 redshift 2 parquet 2 etl 3 snowplow 1 kubernetes 1 data infrastructure 2 agile 1 data modeling 3 pandas 2 docker 1 gcp 2 ,Full-time, , ,Brussels 55.68722476474385, ,Engineering,600, ,aws ,docker redshift 
 ,Profile 9,27,Data Engineer, ,English ,,python 2 agile 3 gcp 2 ,aws 2 data lake 4 data warehouse 1 redshift 2 parquet 2 etl 3 snowplow 1 kubernetes 1 data infrastructure 2 devops 2 data modeling 3 pandas 2 docker 1 ,Full-time, , ,Liege 53.76481070386029, ,Engineering,600, ,,docker redshift aws 
 ,Profile 8,27,Data Engineer, ,English ,,data lake 3 data warehouse 4 agile 2 ,aws 2 redshift 2 parquet 2 python 2 etl 3 snowplow 1 kubernetes 1 data infrastructure 2 devops 2 data modeling 3 pandas 2 docker 1 gcp 2 ,Full-time, , ,Harlow 362.8497199078091, ,Engineering,600, ,,docker redshift aws 
 ,Profile 3,27,Data Engineer, ,English ,,python 1 devops 2 gcp 3 ,aws 2 data lake 4 data warehouse 1 redshift 2 parquet 2 etl 3 snowplow 1 kubernetes 1 data infrastructure 2 agile 1 data modeling 3 pandas 2 docker 1 ,Full-time, , ,Liege 53.76481070386029, ,Engineering,600, ,,docker redshift aws 
 ,Profile 2,22,Data Engineer, ,English ,,aws 2 python 2 ,data lake 4 data warehouse 1 redshift 2 parquet 2 etl 3 snowplow 1 kubernetes 1 data infrastructure 2 devops 2 agile 1 data modeling 3 pandas 2 docker 1 gcp 2 ,Full-time, , ,Abu Dhabi 5105.410622527917,Engineering, ,600, ,aws ,docker redshift 
 ,Profile 14,21,Data Engineer, ,English ,,aws 2 agile 3 ,data lake 4 data warehouse 1 redshift 2 parquet 2 python 2 etl 3 snowplow 1 kubernetes 1 data infrastructure 2 devops 2 data modeling 3 pandas 2 docker 1 gcp 2 ,Full-time, , ,Brussels 55.68722476474385, ,Engineering,600, ,aws ,docker redshift 
 ,Profile 12,21,Data Engineer, ,English ,,python 2 agile 3 ,aws 2 data lake 4 data warehouse 1 redshift 2 parquet 2 etl 3 snowplow 1 kubernetes 1 data infrastructure 2 devops 2 data modeling 3 pandas 2 docker 1 gcp 2 ,Full-time, ,Namur 0.0, , ,Engineering,600, ,,docker redshift aws 
 ,Profile 11,20,Data Engineer, ,English ,,python 3 kubernetes 3 ,aws 2 data lake 4 data warehouse 1 redshift 2 parquet 2 etl 3 snowplow 1 data infrastructure 2 devops 2 agile 1 data modeling 3 pandas 2 docker 1 gcp 2 ,Full-time, , ,London 368.12519171295673, ,Engineering,600, ,,docker redshift aws 
 ,Profile 15,13,Data Engineer, ,English ,,python 1 ,aws 2 data lake 4 data warehouse 1 redshift 2 parquet 2 etl 3 snowplow 1 kubernetes 1 data infrastructure 2 devops 2 agile 1 data modeling 3 pandas 2 docker 1 gcp 2 ,Full-time, , ,Canary Wharf 360.8404979230481, ,Engineering,600, ,,docker redshift aws 
Job desc 11,Profile 3,31,Data Engineer, ,English French ,,gcp 3 hadoop 5 cloud 2 ,netezza 1 tableau 3 ,Full-time, , ,Liege 384.6966661878002, ,Defense & Spatial, ,600,hadoop gcp ,tableau 
 ,Profile 5,20,Data Engineer, ,English ,French,gcp 5 cloud 3 ,hadoop 2 netezza 1 tableau 3 ,Full-time, , ,Antwerp 291.53458056600954, ,Defense & Spatial, ,600,gcp ,tableau hadoop 
 ,Profile 8,14,Data Engineer, ,English ,French,hadoop 3 ,gcp 2 netezza 1 tableau 3 cloud 2 ,Full-time, ,Harlow 36.902670519377544, , ,Defense & Spatial, ,600,hadoop ,tableau gcp 
 ,Profile 9,13,Data Engineer, ,English ,French,gcp 2 ,hadoop 2 netezza 1 tableau 3 cloud 2 ,Full-time, , ,Liege 384.6966661878002, ,Defense & Spatial, ,600,gcp ,tableau hadoop 
 ,Profile 4,13,Data Engineer, ,English ,French,tableau 2 ,gcp 2 hadoop 2 netezza 1 cloud 2 ,Full-time, , ,Woking 55.49586180239394, ,Defense & Spatial, ,600,tableau ,hadoop gcp 
 ,Profile 2,13,Data Engineer, ,English ,French,hadoop 2 ,gcp 2 netezza 1 tableau 3 cloud 2 ,Full-time, , ,Abu Dhabi 5447.467988138887, ,Defense & Spatial, ,600,hadoop ,tableau gcp 
 ,Profile 11,13,Data Engineer, ,English ,French,cloud 3 ,gcp 2 hadoop 2 netezza 1 tableau 3 ,Full-time, ,London 24.947675718375226, , ,Defense & Spatial, ,600,,tableau hadoop gcp 
 ,Profile 10,13,Data Engineer, ,English ,French,gcp 3 ,hadoop 2 netezza 1 tableau 3 cloud 2 ,Full-time, , ,Brugge 210.67808612107066, ,Defense & Spatial, ,600,gcp ,tableau hadoop 
 ,Profile 15,9,Data Engineer, ,English French ,,,gcp 2 hadoop 2 netezza 1 tableau 3 cloud 2 ,Full-time, ,Canary Wharf 17.747783096016434, , ,Defense & Spatial, ,600,,tableau hadoop gcp 
 ,Profile 13,7,Data Engineer, ,English ,French,,gcp 2 hadoop 2 netezza 1 tableau 3 cloud 2 ,Full-time, ,Canary Wharf 17.747783096016434, , ,Defense & Spatial, ,600,tableau ,hadoop gcp 
 ,Profile 7,5,Data Engineer, ,English ,French,,gcp 2 hadoop 2 netezza 1 tableau 3 cloud 2 ,Full-time, , ,Liege 384.6966661878002, ,Defense & Spatial, ,600,,tableau hadoop gcp 
 ,Profile 6,5,Data Engineer, ,English ,French,,gcp 2 hadoop 2 netezza 1 tableau 3 cloud 2 ,Full-time, , ,Brugge 210.67808612107066, ,Defense & Spatial, ,600,,tableau hadoop gcp 
 ,Profile 14,5,Data Engineer, ,English ,French,,gcp 2 hadoop 2 netezza 1 tableau 3 cloud 2 ,Full-time, , ,Brussels 295.8697703159796, ,Defense & Spatial, ,600,,tableau hadoop gcp 
 ,Profile 12,5,Data Engineer, ,English ,French,,gcp 2 hadoop 2 netezza 1 tableau 3 cloud 2 ,Full-time, , ,Namur 343.1776634185237, ,Defense & Spatial, ,600,,tableau hadoop gcp 
 ,Profile 1,5,Data Engineer, ,English ,French,,gcp 2 hadoop 2 netezza 1 tableau 3 cloud 2 ,Full-time, , ,Brussels 295.8697703159796, ,Defense & Spatial, ,600,,tableau hadoop gcp 
Job desc 12,Profile 6,34,Data Engineer, ,English ,,etl 2 python 2 java 3 spark 2 ,c++ 2 php 2 postgresql 2 cosmos 1 azure 2 ,Full-time, , ,Brugge 267.38645080572326, ,Manufacturing,600, ,,postgresql azure 
 ,Profile 1,28,Data Engineer, ,English ,,python 2 php 1 azure 3 ,etl 2 c++ 2 java 3 spark 1 postgresql 2 cosmos 1 ,Full-time, , ,Brussels 352.5118485804811, ,Manufacturing,600, ,azure ,postgresql 
 ,Profile 13,22,Data Engineer, ,English ,,spark 3 azure 4 ,etl 2 python 1 c++ 2 java 3 php 2 postgresql 2 cosmos 1 ,Full-time, ,Canary Wharf 39.80539868770924, , ,Manufacturing,600, ,azure ,postgresql 
 ,Profile 15,21,Data Engineer, ,English ,,python 1 c++ 3 ,etl 2 java 3 php 2 spark 1 postgresql 2 cosmos 1 azure 2 ,Full-time, ,Canary Wharf 39.80539868770924, , ,Manufacturing,600, ,,postgresql azure 
 ,Profile 9,20,Data Engineer, ,English ,,python 2 c++ 1 ,etl 2 java 3 php 2 spark 1 postgresql 2 cosmos 1 azure 2 ,Full-time, , ,Liege 441.3407569377063, ,Manufacturing,600, ,,postgresql azure 
 ,Profile 7,20,Data Engineer, ,English ,,etl 3 java 2 ,python 1 c++ 2 php 2 spark 1 postgresql 2 cosmos 1 azure 2 ,Full-time, , ,Liege 441.3407569377063, ,Manufacturing,600, ,,postgresql azure 
 ,Profile 5,20,Data Engineer, ,English ,,etl 3 python 3 ,c++ 2 java 3 php 2 spark 1 postgresql 2 cosmos 1 azure 2 ,Full-time, , ,Antwerp 348.1142114837679, ,Manufacturing,600, ,,postgresql azure 
 ,Profile 10,20,Data Engineer, ,English ,,etl 5 spark 2 ,python 1 c++ 2 java 3 php 2 postgresql 2 cosmos 1 azure 2 ,Full-time, , ,Brugge 267.38645080572326, ,Manufacturing,600, ,,postgresql azure 
 ,Profile 8,14,Data Engineer, ,English ,,azure 3 ,etl 2 python 1 c++ 2 java 3 php 2 spark 1 postgresql 2 cosmos 1 ,Full-time, , ,Harlow 55.59751959031169, ,Manufacturing,600, ,azure ,postgresql 
 ,Profile 4,14,Data Engineer, ,English ,,python 3 ,etl 2 c++ 2 java 3 php 2 spark 1 postgresql 2 cosmos 1 azure 2 ,Full-time, ,Woking 21.388012339713622, , ,Manufacturing,600, ,,postgresql azure 
 ,Profile 14,14,Data Engineer, ,English ,,azure 4 ,etl 2 python 1 c++ 2 java 3 php 2 spark 1 postgresql 2 cosmos 1 ,Full-time, , ,Brussels 352.5118485804811, ,Manufacturing,600, ,azure ,postgresql 
 ,Profile 12,14,Data Engineer, ,English ,,python 2 ,etl 2 c++ 2 java 3 php 2 spark 1 postgresql 2 cosmos 1 azure 2 ,Full-time, , ,Namur 399.33477631861814,Manufacturing, ,600, ,,postgresql azure 
 ,Profile 11,14,Data Engineer, ,English ,,python 3 ,etl 2 c++ 2 java 3 php 2 spark 1 postgresql 2 cosmos 1 azure 2 ,Full-time, ,London 32.28206730425668, , ,Manufacturing,600, ,,postgresql azure 
 ,Profile 3,13,Data Engineer, ,English ,,python 1 ,etl 2 c++ 2 java 3 php 2 spark 1 postgresql 2 cosmos 1 azure 2 ,Full-time, , ,Liege 441.3407569377063, ,Manufacturing,600, ,,postgresql azure 
 ,Profile 2,13,Data Engineer, ,English ,,python 2 ,etl 2 c++ 2 java 3 php 2 spark 1 postgresql 2 cosmos 1 azure 2 ,Full-time, , ,Abu Dhabi 5504.042244841596, ,Manufacturing,600, ,,postgresql azure 
Job desc 13,Profile 6,49,Data Engineer, ,English ,Russian,data processing 4 aws 2 sql 2 python 2 kafka 1 spark 2 ,data pipeline 1 clojure 1 scala 2 presto 3 ,Full-time, , ,Brugge 210.67808612107066, ,Chemicals,600, ,kafka ,data pipeline clojure 
 ,Profile 5,35,Data Engineer, ,English ,Russian,data pipeline 1 aws 4 sql 3 python 3 ,data processing 2 clojure 1 scala 2 kafka 1 spark 2 presto 3 ,Full-time, , ,Antwerp 291.53458056600954, ,Chemicals,600, ,data pipeline ,clojure kafka 
 ,Profile 13,32,Data Engineer, ,English Russian ,,data pipeline 2 aws 3 spark 3 ,data processing 2 sql 3 python 2 clojure 1 scala 2 kafka 1 presto 3 ,Full-time, ,Canary Wharf 17.747783096016434, , ,Chemicals,600, ,data pipeline ,clojure kafka 
 ,Profile 9,30,Data Engineer, ,English Russian ,,sql 4 python 2 scala 3 ,data processing 2 data pipeline 1 aws 2 clojure 1 kafka 1 spark 2 presto 3 ,Full-time, , ,Liege 384.6966661878002, ,Chemicals,600, ,,data pipeline clojure kafka 
 ,Profile 10,28,Data Engineer, ,English ,Russian,data processing 4 scala 1 spark 2 ,data pipeline 1 aws 2 sql 3 python 2 clojure 1 kafka 1 presto 3 ,Full-time, , ,Brugge 210.67808612107066,Chemicals, ,600, ,,data pipeline clojure kafka 
 ,Profile 2,27,Data Engineer, ,English ,Russian,aws 2 sql 4 python 2 ,data processing 2 data pipeline 1 clojure 1 scala 2 kafka 1 spark 2 presto 3 ,Full-time, , ,Abu Dhabi 5447.467988138887, ,Chemicals,600, ,,data pipeline clojure kafka 
 ,Profile 3,21,Data Engineer, ,English ,Russian,data pipeline 3 python 1 ,data processing 2 aws 2 sql 3 clojure 1 scala 2 kafka 1 spark 2 presto 3 ,Full-time, , ,Liege 384.6966661878002, ,Chemicals,600, ,data pipeline ,clojure kafka 
 ,Profile 15,21,Data Engineer, ,English ,Russian,sql 3 python 1 ,data processing 2 data pipeline 1 aws 2 clojure 1 scala 2 kafka 1 spark 2 presto 3 ,Full-time, ,Canary Wharf 17.747783096016434, , ,Chemicals,600, ,,data pipeline clojure kafka 
 ,Profile 4,20,Data Engineer, ,English ,Russian,sql 3 python 3 ,data processing 2 data pipeline 1 aws 2 clojure 1 scala 2 kafka 1 spark 2 presto 3 ,Full-time, , ,Woking 55.49586180239394, ,Chemicals,600, ,,data pipeline clojure kafka 
 ,Profile 14,20,Data Engineer, ,English ,Russian,aws 2 sql 2 ,data processing 2 data pipeline 1 python 2 clojure 1 scala 2 kafka 1 spark 2 presto 3 ,Full-time, , ,Brussels 295.8697703159796, ,Chemicals,600, ,,data pipeline clojure kafka 
 ,Profile 12,20,Data Engineer, ,English ,Russian,python 2 scala 3 ,data processing 2 data pipeline 1 aws 2 sql 3 clojure 1 kafka 1 spark 2 presto 3 ,Full-time, , ,Namur 343.1776634185237, ,Chemicals,600, ,,data pipeline clojure kafka 
 ,Profile 1,20,Data Engineer, ,English ,Russian,aws 3 python 2 ,data processing 2 data pipeline 1 sql 3 clojure 1 scala 2 kafka 1 spark 2 presto 3 ,Full-time, , ,Brussels 295.8697703159796, ,Chemicals,600, ,,data pipeline clojure kafka 
 ,Profile 11,14,Data Engineer, ,English ,Russian,python 3 ,data processing 2 data pipeline 1 aws 2 sql 3 clojure 1 scala 2 kafka 1 spark 2 presto 3 ,Full-time, ,London 24.947675718375226, , ,Chemicals,600, ,,data pipeline clojure kafka 
 ,Profile 7,13,Data Engineer, ,English ,Russian,aws 3 ,data processing 2 data pipeline 1 sql 3 python 2 clojure 1 scala 2 kafka 1 spark 2 presto 3 ,Full-time, , ,Liege 384.6966661878002, ,Chemicals,600, ,,data pipeline clojure kafka 
 ,Profile 8,7,Data Engineer, ,English ,Russian,,data processing 2 data pipeline 1 aws 2 sql 3 python 2 clojure 1 scala 2 kafka 1 spark 2 presto 3 ,Full-time, ,Harlow 36.902670519377544, , ,Chemicals,600, ,,data pipeline clojure kafka 
Job desc 14,Profile 3,38,Data Engineer, ,English ,Italian,python 1 devops 2 ci/cd 4 git 3 ,azure 2 data ingestion 3 pyspark 1 sql 2 ,Full-time, , ,Liege 409.7907172159862,Banking, ,600, ,devops ci/cd git ,
 ,Profile 13,38,Data Engineer, ,English ,Italian,azure 4 devops 2 ci/cd 2 git 2 ,data ingestion 3 python 2 pyspark 1 sql 2 ,Full-time, ,Canary Wharf 7.820137786656868, , ,Banking,600, ,devops ci/cd git ,
 ,Profile 1,36,Data Engineer, ,English ,Italian,azure 3 python 2 devops 4 ci/cd 1 ,data ingestion 3 pyspark 1 sql 2 git 3 ,Full-time, , ,Brussels 320.9809530730336, ,Banking,600, ,devops ci/cd ,git 
 ,Profile 14,23,Data Engineer, ,English Italian ,,azure 4 sql 2 ,data ingestion 3 python 2 pyspark 1 devops 1 ci/cd 2 git 3 ,Full-time, , ,Brussels 320.9809530730336, ,Banking,600, ,,devops ci/cd git 
 ,Profile 4,21,Data Engineer, ,English ,Italian,python 3 sql 3 ,azure 2 data ingestion 3 pyspark 1 devops 1 ci/cd 2 git 3 ,Full-time, ,Woking 38.208762395824095, , ,Banking,600, ,,devops ci/cd git 
 ,Profile 15,21,Data Engineer, ,English ,Italian,python 1 sql 3 ,azure 2 data ingestion 3 pyspark 1 devops 1 ci/cd 2 git 3 ,Full-time, ,Canary Wharf 7.820137786656868, , ,Banking,600, ,,devops ci/cd git 
 ,Profile 9,20,Data Engineer, ,English ,Italian,python 2 sql 4 ,azure 2 data ingestion 3 pyspark 1 devops 1 ci/cd 2 git 3 ,Full-time, , ,Liege 409.7907172159862, ,Banking,600, ,,devops ci/cd git 
 ,Profile 6,20,Data Engineer, ,English ,Italian,python 2 sql 2 ,azure 2 data ingestion 3 pyspark 1 devops 1 ci/cd 2 git 3 ,Full-time, , ,Brugge 235.28304062100116, ,Banking,600, ,,devops ci/cd git 
 ,Profile 5,20,Data Engineer, ,English ,Italian,python 3 sql 3 ,azure 2 data ingestion 3 pyspark 1 devops 1 ci/cd 2 git 3 ,Full-time, , ,Antwerp 315.76277487800667, ,Banking,600, ,,devops ci/cd git 
 ,Profile 2,20,Data Engineer, ,English ,Italian,python 2 sql 4 ,azure 2 data ingestion 3 pyspark 1 devops 1 ci/cd 2 git 3 ,Full-time, , ,Abu Dhabi 5472.60644025655, ,Banking,600, ,,devops ci/cd git 
 ,Profile 8,14,Data Engineer, ,English ,Italian,azure 3 ,data ingestion 3 python 2 pyspark 1 sql 2 devops 1 ci/cd 2 git 3 ,Full-time, ,Harlow 30.25849540407105, , ,Banking,600, ,,devops ci/cd git 
 ,Profile 11,14,Data Engineer, ,English ,Italian,python 3 ,azure 2 data ingestion 3 pyspark 1 sql 2 devops 1 ci/cd 2 git 3 ,Full-time, ,London 2.8063545749111705, , ,Banking,600, ,,devops ci/cd git 
 ,Profile 12,13,Data Engineer, ,English ,Italian,python 2 ,azure 2 data ingestion 3 pyspark 1 sql 2 devops 1 ci/cd 2 git 3 ,Full-time, , ,Namur 368.6142461646555, ,Banking,600, ,,devops ci/cd git 
 ,Profile 7,9,Data Engineer, ,English Italian ,,,azure 2 data ingestion 3 python 2 pyspark 1 sql 2 devops 1 ci/cd 2 git 3 ,Full-time, , ,Liege 409.7907172159862, ,Banking,600, ,,devops ci/cd git 
 ,Profile 10,6,Data Engineer, ,English ,Italian,,azure 2 data ingestion 3 python 2 pyspark 1 sql 2 devops 1 ci/cd 2 git 3 ,Full-time, , ,Brugge 235.28304062100116, ,Banking,600, ,,devops ci/cd git 
Job desc 15,Profile 10,53,Data Engineer, ,English Dutch ,,gcp 3 docker 2 kubernetes 4 java 1 data processing 4 spark 2 ,ci/cd 2 data pipeline 4 beam 2 dataflow 2 bigquery 2 airflow 3 terraform 2 python 2 hadoop 2 flink 2 data infrastructure 1 ,Full-time, , ,Brugge 263.49329316441134, ,Education,600, ,java data processing ,bigquery 
 ,Profile 3,41,Data Engineer, ,English ,Dutch,ci/cd 4 data pipeline 3 gcp 3 python 1 hadoop 5 ,beam 2 dataflow 2 bigquery 2 airflow 3 docker 1 kubernetes 1 terraform 2 java 1 data processing 3 spark 1 flink 2 data infrastructure 1 ,Full-time, , ,Liege 435.4941061471578, ,Education,600, ,,java data processing bigquery 
 ,Profile 6,36,Data Engineer, ,English ,Dutch,python 2 java 3 data processing 4 spark 2 ,ci/cd 2 data pipeline 4 gcp 1 beam 2 dataflow 2 bigquery 2 airflow 3 docker 1 kubernetes 1 terraform 2 hadoop 2 flink 2 data infrastructure 1 ,Full-time, , ,Brugge 263.49329316441134, ,Education,600, ,java data processing ,bigquery 
 ,Profile 5,35,Data Engineer, ,English ,Dutch,gcp 5 bigquery 2 airflow 4 python 3 ,ci/cd 2 data pipeline 4 beam 2 dataflow 2 docker 1 kubernetes 1 terraform 2 java 1 data processing 3 hadoop 2 spark 1 flink 2 data infrastructure 1 ,Full-time, , ,Antwerp 344.90366194672856, ,Education,600, ,bigquery ,java data processing 
 ,Profile 4,31,Data Engineer, ,English Dutch ,,kubernetes 5 python 3 data infrastructure 3 ,ci/cd 2 data pipeline 4 gcp 1 beam 2 dataflow 2 bigquery 2 airflow 3 docker 1 terraform 2 java 1 data processing 3 hadoop 2 spark 1 flink 2 ,Full-time, ,Woking 0.0, , ,Education,600, ,,java data processing bigquery 
 ,Profile 13,21,Data Engineer, ,English ,Dutch,ci/cd 2 spark 3 ,data pipeline 4 gcp 1 beam 2 dataflow 2 bigquery 2 airflow 3 docker 1 kubernetes 1 terraform 2 python 2 java 1 data processing 3 hadoop 2 flink 2 data infrastructure 1 ,Full-time, ,Canary Wharf 42.559071530421306, , ,Education,600, ,,java data processing bigquery 
 ,Profile 11,21,Data Engineer, ,English ,Dutch,kubernetes 3 python 3 ,ci/cd 2 data pipeline 4 gcp 1 beam 2 dataflow 2 bigquery 2 airflow 3 docker 1 terraform 2 java 1 data processing 3 hadoop 2 spark 1 flink 2 data infrastructure 1 ,Full-time, ,London 36.29633077717542, , ,Education,600, ,,java data processing bigquery 
 ,Profile 9,20,Data Engineer, ,English ,Dutch,gcp 2 python 2 ,ci/cd 2 data pipeline 4 beam 2 dataflow 2 bigquery 2 airflow 3 docker 1 kubernetes 1 terraform 2 java 1 data processing 3 hadoop 2 spark 1 flink 2 data infrastructure 1 ,Full-time, , ,Liege 435.4941061471578, ,Education,600, ,,java data processing bigquery 
 ,Profile 2,20,Data Engineer, ,English ,Dutch,python 2 hadoop 2 ,ci/cd 2 data pipeline 4 gcp 1 beam 2 dataflow 2 bigquery 2 airflow 3 docker 1 kubernetes 1 terraform 2 java 1 data processing 3 spark 1 flink 2 data infrastructure 1 ,Full-time, , ,Abu Dhabi 5497.290184840803, ,Education,600, ,,java data processing bigquery 
 ,Profile 1,20,Data Engineer, ,English ,Dutch,ci/cd 1 python 2 ,data pipeline 4 gcp 1 beam 2 dataflow 2 bigquery 2 airflow 3 docker 1 kubernetes 1 terraform 2 java 1 data processing 3 hadoop 2 spark 1 flink 2 data infrastructure 1 ,Full-time, , ,Brussels 346.79643111728603, ,Education,600, ,,java data processing bigquery 
 ,Profile 7,14,Data Engineer, ,English ,Dutch,java 2 ,ci/cd 2 data pipeline 4 gcp 1 beam 2 dataflow 2 bigquery 2 airflow 3 docker 1 kubernetes 1 terraform 2 python 2 data processing 3 hadoop 2 spark 1 flink 2 data infrastructure 1 ,Full-time, , ,Liege 435.4941061471578, ,Education,600, ,java ,data processing bigquery 
 ,Profile 15,14,Data Engineer, ,English ,Dutch,python 1 ,ci/cd 2 data pipeline 4 gcp 1 beam 2 dataflow 2 bigquery 2 airflow 3 docker 1 kubernetes 1 terraform 2 java 1 data processing 3 hadoop 2 spark 1 flink 2 data infrastructure 1 ,Full-time, ,Canary Wharf 42.559071530421306, , ,Education,600, ,,java data processing bigquery 
 ,Profile 8,13,Data Engineer, ,English ,Dutch,hadoop 3 ,ci/cd 2 data pipeline 4 gcp 1 beam 2 dataflow 2 bigquery 2 airflow 3 docker 1 kubernetes 1 terraform 2 python 2 java 1 data processing 3 spark 1 flink 2 data infrastructure 1 ,Full-time, , ,Harlow 67.23393846508436, ,Education,600, ,,java data processing bigquery 
 ,Profile 12,13,Data Engineer, ,English ,Dutch,python 2 ,ci/cd 2 data pipeline 4 gcp 1 beam 2 dataflow 2 bigquery 2 airflow 3 docker 1 kubernetes 1 terraform 2 java 1 data processing 3 hadoop 2 spark 1 flink 2 data infrastructure 1 ,Full-time, , ,Namur 391.89942603862886, ,Education,600, ,,java data processing bigquery 
 ,Profile 14,6,Data Engineer, ,English ,Dutch,,ci/cd 2 data pipeline 4 gcp 1 beam 2 dataflow 2 bigquery 2 airflow 3 docker 1 kubernetes 1 terraform 2 python 2 java 1 data processing 3 hadoop 2 spark 1 flink 2 data infrastructure 1 ,Full-time, , ,Brussels 346.79643111728603, ,Education,600, ,,java data processing bigquery 
